latitude,longitude,code_client,societe
35.8198925,10.5924013,CLT001977,LSAT
32.9280264,10.4485773,CLT007994,LSAT
34.7517297,10.7754027,CLT011029,LSAT
33.8839811,10.0924983,CLT011090,LSAT
36.8029025,10.1827232,CLT011712,LSAT
34.7316278,10.7616919,CLT019390,LSAT
34.7453741,10.7628848,CLT023447,LSAT
34.7434837,10.7635424,CLT025126,LSAT
36.4546979,10.7336589,CLT026177,LSAT
36.7517128,10.2243685,CLT027007,LSAT
36.7829856,10.2327446,CLT030502,LSAT
36.6502008,9.6085296,CLT033306,LSAT
35.7278425,10.5744092,CLT034272,LSAT
36.8266216,10.1828807,CLT043635,LSAT
36.4011775,10.6116039,CLT049472,LSAT
35.037252,9.4900714,CLT055810,LSAT
34.7302271,10.7420541,CLT057465,LSAT
37.1541693,9.7922568,CLT057723,LSAT
34.7952445,10.7428627,CLT059791,LSAT
35.7698193,10.8361862,CLT064107,LSAT
36.4543683,10.7338217,CLT064884,LSAT
36.8065993,10.1802799,CLT065804,LSAT
34.7443179,10.7541309,CLT066258,LSAT
36.7311582,10.3362569,CLT067308,LSAT
36.839329,10.1142916,CLT068009,LSAT
36.8036041,10.1832659,CLT068613,LSAT
36.5749016,10.8588288,CLT069189,LSAT
34.7426085,10.7554844,CLT076145,LSAT
36.796048,10.1818642,CLT076898,LSAT
36.7280488,9.1837877,CLT078354,LSAT
34.7296599,10.7606537,CLT078992,LSAT
37.2712818,9.8695514,CLT079214,LSAT
33.8094302,10.9910104,CLT079367,LSAT
35.500172,11.0528229,CLT079817,LSAT
36.4549611,10.7335493,CLT080892,LSAT
37.1540897,9.7921589,CLT080975,LSAT
34.7320495,10.7656506,CLT083831,LSAT
37.2725736,9.8723733,CLT084040,LSAT
36.8122591,10.18164,CLT089765,LSAT
35.6733195,10.1017371,CLT090166,LSAT
36.8438893,10.2035656,CLT090241,LSAT
36.8327626,10.2057672,CLT091206,LSAT
37.2713529,9.869505,CLT091331,LSAT
36.864248,10.1668783,CLT092649,LSAT
35.7316128,10.5766855,CLT094912,LSAT
36.6793682,10.2873188,CLT095444,LSAT
36.799151,10.1816154,CLT095704,LSAT
33.9370078,10.0675008,CLT096970,LSAT
36.8593339,10.2010722,CLT097224,LSAT
35.2333678,9.1245447,CLT097641,LSAT
36.8725624,10.2789108,CLT097896,LSAT
33.7060502,8.9697653,CLT097923,LSAT
36.4050292,10.5612127,CLT098058,LSAT
34.7392526,10.7539665,CLT098090,LSAT
36.4005508,10.6119207,CLT098271,LSAT
35.7687493,10.8205454,CLT099247,LSAT
35.837767,10.596606,CLT099325,LSAT
36.7921619,10.1717182,CLT099330,LSAT
36.7364726,10.2427022,CLT099366,LSAT
35.6727943,10.1021476,CLT099558,LSAT
35.233319,9.1245005,CLT099592,LSAT
34.7323066,10.7620914,CLT099746,LSAT
36.8662554,10.1649905,CLT099780,LSAT
36.8577703,10.1904069,CLT099816,LSAT
33.8856947,10.1003454,CLT100092,LSAT
36.5802285,10.8594816,CLT100296,LSAT
37.2718178,9.8706614,CLT100521,LSAT
35.8659668,10.5705926,CLT100647,LSAT
36.8359464,10.1592956,CLT100767,LSAT
35.6834026,10.0917388,CLT100820,LSAT
34.7432399,10.7634193,CLT100838,LSAT
37.1397747,10.0984228,CLT100991,LSAT
36.501417,8.7794476,CLT100997,LSAT
33.8874817,10.0948412,CLT101092,LSAT
35.6734114,10.1016246,CLT101157,LSAT
36.8041909,10.1798099,CLT101202,LSAT
36.650348,9.6089581,CLT101702,LSAT
34.7538561,10.7108129,CLT101737,LSAT
36.404745,10.6122491,CLT101911,LSAT
33.8075116,10.9895351,CLT101926,LSAT
35.8589179,9.2028971,CLT101999,LSAT
33.8850861,10.0961265,CLT102043,LSAT
34.4409763,8.7787932,CLT102370,LSAT
36.7226975,9.1894964,CLT103105,LSAT
35.768756,10.8205454,CLT103147,LSAT
34.7406659,10.7526333,CLT103293,LSAT
34.769971,10.7876804,CLT103431,LSAT
36.6087562,8.9710875,CLT103872,LSAT
36.8098774,10.0936979,CLT103881,LSAT
33.6162797,10.2893435,CLT104004,LSAT
36.7750061,10.1803122,CLT104120,LSAT
35.8660329,10.572246,CLT104135,LSAT
36.8490369,11.0899625,CLT104185,LSAT
35.7703688,10.8293399,CLT104257,LSAT
36.4041042,10.6113318,CLT104700,LSAT
37.0838974,9.5353955,CLT104796,LSAT
35.8589155,9.2028989,CLT105047,LSAT
35.2929218,10.7080278,CLT105229,LSAT
36.8050828,10.1805506,CLT105471,LSAT
33.9225941,8.1341785,CLT105538,LSAT
36.8116414,10.1510816,CLT105594,LSAT
36.8571482,10.1608141,CLT105678,LSAT
35.8589179,9.2028972,CLT105736,LSAT
35.2929338,10.7080544,CLT105759,LSAT
36.8573225,10.1609906,CLT105792,LSAT
32.9278343,10.4486605,CLT105807,LSAT
35.6738119,10.1014346,CLT105808,LSAT
36.4560086,10.7327883,CLT105908,LSAT
36.7371473,10.2082581,CLT105980,LSAT
36.5982911,10.4984969,CLT106020,LSAT
36.8581625,10.189437,CLT106022,LSAT
34.7302917,10.7638202,CLT106044,LSAT
36.5982847,10.4985121,CLT106142,LSAT
36.8040435,10.1795218,CLT106148,LSAT
37.2147285,10.1238286,CLT106150,LSAT
34.7520309,10.7755788,CLT106195,LSAT
36.3553928,10.2107532,CLT106221,LSAT
36.8628921,10.1991338,CLT106248,LSAT
36.0855965,9.3706364,CLT106250,LSAT
34.7460242,10.760302,CLT106366,LSAT
34.7451268,10.7630596,CLT106578,LSAT
36.7926474,10.1077786,CLT106709,LSAT
36.8090703,10.1381616,CLT106791,LSAT
36.3714533,9.9032515,CLT106861,LSAT
36.5274817,10.5542712,CLT106986,LSAT
36.8093255,10.1032425,CLT107081,LSAT
34.4165325,8.7858609,CLT107116,LSAT
36.8359561,10.1591132,CLT107129,LSAT
35.6391501,10.9667862,CLT107149,LSAT
35.8659298,10.5706269,CLT107280,LSAT
35.8362205,10.6305567,CLT107300,LSAT
37.0432981,9.656486,CLT107366,LSAT
36.7140943,10.2157895,CLT107417,LSAT
36.7918068,10.1733568,CLT107423,LSAT
34.766893,10.7097364,CLT107441,LSAT
36.4520271,10.7379857,CLT107460,LSAT
36.9007525,10.1804739,CLT107466,LSAT
35.8441233,10.6145711,CLT107512,LSAT
36.4543113,10.739613,CLT107526,LSAT
37.0463675,9.6464094,CLT107544,LSAT
36.8372762,10.1268514,CLT107562,LSAT
36.8538631,10.2576743,CLT107591,LSAT
36.7316746,10.3360144,CLT107619,LSAT
36.8032813,10.1794695,CLT107766,LSAT
35.8477665,10.6096261,CLT107792,LSAT
33.7056374,8.9688181,CLT107811,LSAT
33.9225361,8.1338396,CLT107812,LSAT
34.4192355,8.7895816,CLT107813,LSAT
33.7056465,8.9681911,CLT107838,LSAT
35.7711249,10.8180563,CLT107840,LSAT
35.7601951,10.5981651,CLT107845,LSAT
36.4648323,10.7479148,CLT107846,LSAT
36.4520339,10.7339242,CLT107847,LSAT
33.9222167,8.1333236,CLT107858,LSAT
36.8447101,10.1971188,CLT107861,LSAT
35.6271369,10.7614276,CLT107878,LSAT
37.1545112,9.7959166,CLT107894,LSAT
34.9389762,9.5634613,CLT107898,LSAT
33.7060074,8.9701309,CLT107899,LSAT
36.7273955,10.3357392,CLT107919,LSAT
34.4218464,8.7684956,CLT107930,LSAT
34.5731367,9.421332,CLT107948,LSAT
34.5729264,9.4290725,CLT107949,LSAT
33.9200826,8.130193,CLT107952,LSAT
36.8838188,10.1845029,CLT107972,LSAT
36.73651,10.2086076,CLT108035,LSAT
34.4221909,8.7828245,CLT108048,LSAT
35.1678283,8.8334818,CLT108070,LSAT
36.4634904,10.7476812,CLT108101,LSAT
35.1684154,8.8319229,CLT108139,LSAT
33.8878127,10.1010709,CLT108162,LSAT
35.8315878,10.6322717,CLT108243,LSAT
35.6391664,10.9667393,CLT108246,LSAT
36.8350953,10.1501184,CLT108323,LSAT
35.848583,10.6092619,CLT108469,LSAT
36.8593291,10.2012591,CLT108601,LSAT
36.8838621,10.1845401,CLT108615,LSAT
36.7788911,10.1129529,CLT108625,LSAT
36.8325608,10.1239835,CLT108634,LSAT
36.8359561,10.1591132,CLT108719,LSAT
36.8132888,10.1831401,CLT108826,LSAT
36.7395998,10.3023801,CLT108832,LSAT
36.779945,10.9933415,CLT108875,LSAT
35.0372828,9.4840986,CLT109335,LSAT
35.6453235,10.8870294,CLT109417,LSAT
34.7363552,10.7488223,CLT109436,LSAT
35.6401093,10.9677488,CLT109461,LSAT
36.7245166,9.1883595,CLT109506,LSAT
36.8587918,10.1897135,CLT109532,LSAT
36.779608,10.9895142,CLT109563,LSAT
36.8346942,10.1175478,CLT109572,LSAT
36.9707741,11.0495336,CLT109650,LSAT
36.8489944,11.0899603,CLT109655,LSAT
36.8545742,10.2101351,CLT109675,LSAT
35.6172475,10.9916374,CLT109691,LSAT
35.2737101,9.4219643,CLT109827,LSAT
34.3171031,8.4010554,CLT109916,LSAT
33.7054377,8.9724517,CLT109962,LSAT
36.830907,9.9393868,CLT110026,LSAT
37.214747,10.1234157,CLT110069,LSAT
34.7418477,10.7667134,CLT110219,LSAT
35.8424623,10.5993461,CLT110225,LSAT
36.8419731,10.1186979,CLT110331,LSAT
35.6264882,10.7610264,CLT110421,LSAT
36.5761983,10.8598818,CLT110478,LSAT
36.8469483,11.0906135,CLT110481,LSAT
33.704098,8.9736505,CLT110578,LSAT
34.5731915,9.4235567,CLT110613,LSAT
36.8456948,10.0304354,CLT110620,LSAT
36.7808019,10.9875353,CLT110797,LSAT
36.8148903,10.1801541,CLT110800,LSAT
34.7410669,10.7531401,CLT110804,LSAT
36.8697235,10.2403221,CLT110817,LSAT
37.1528391,9.796934,CLT110823,LSAT
37.084076,9.5349425,CLT110878,LSAT
35.6352224,10.8966776,CLT110935,LSAT
35.7710964,10.8238682,CLT110936,LSAT
34.7479896,10.7465164,CLT110970,LSAT
34.7436863,10.7417217,CLT110977,LSAT
35.1676917,8.8315422,CLT111003,LSAT
33.8725414,7.8867245,CLT111011,LSAT
33.3632334,10.6025227,CLT111034,LSAT
35.2375679,9.1171212,CLT111049,LSAT
36.4491329,10.7298104,CLT111105,LSAT
35.3745304,10.937172,CLT111142,LSAT
36.8106865,10.0945412,CLT111143,LSAT
35.3745266,10.937284,CLT111144,LSAT
35.732078,10.579269,CLT111146,LSAT
35.0373454,9.491089,CLT111230,LSAT
35.8362192,10.6153754,CLT111330,LSAT
36.4582752,10.7434845,CLT111375,LSAT
36.4583423,10.7467819,CLT111378,LSAT
33.7053515,8.9701788,CLT111383,LSAT
33.9211682,8.13073,CLT111436,LSAT
33.9172184,8.1308867,CLT111515,LSAT
33.8873579,10.1030004,CLT111609,LSAT
36.4504685,10.7323443,CLT111615,LSAT
35.6752512,10.0946458,CLT111672,LSAT
35.6534602,10.8733075,CLT111752,LSAT
34.4203187,8.7886569,CLT111778,LSAT
34.420316,8.7886577,CLT111779,LSAT
36.8338759,10.3028964,CLT111854,LSAT
34.7493135,10.7195041,CLT112011,LSAT
36.3011097,10.4550909,CLT112119,LSAT
36.465541,10.8046794,CLT112144,LSAT
36.971314,11.0491644,CLT112145,LSAT
36.5731954,10.8543224,CLT112146,LSAT
36.5776274,10.8595514,CLT112147,LSAT
36.4583096,10.7435159,CLT112151,LSAT
34.7380002,10.7565071,CLT112154,LSAT
36.408055,10.1395993,CLT112162,LSAT
34.5731322,9.4236024,CLT112186,LSAT
34.7424857,10.7553814,CLT112227,LSAT
36.8092601,10.1384253,CLT112242,LSAT
36.8359561,10.1591132,CLT112247,LSAT
32.9292947,10.4501329,CLT112285,LSAT
35.7666089,10.813561,CLT112299,LSAT
36.5846784,10.8607936,CLT112307,LSAT
35.6948043,10.8368681,CLT112324,LSAT
35.6290307,10.9000771,CLT112335,LSAT
35.6277048,10.761417,CLT112343,LSAT
34.4187677,8.7909428,CLT112349,LSAT
35.0382819,9.4897494,CLT112351,LSAT
35.6442981,10.888712,CLT112355,LSAT
36.5506549,9.4471009,CLT112363,LSAT
35.6265371,10.7610699,CLT112365,LSAT
35.7485814,10.7137016,CLT112366,LSAT
37.0610332,10.1153615,CLT112368,LSAT
35.6946582,10.7901727,CLT112374,LSAT
35.7729274,10.8303994,CLT112381,LSAT
35.637775,10.970054,CLT112389,LSAT
36.4712792,10.7459276,CLT112397,LSAT
36.7735515,10.283386,CLT112401,LSAT
35.6505881,10.8880867,CLT112413,LSAT
36.4030892,10.6263812,CLT112429,LSAT
36.835959,10.1592869,CLT112471,LSAT
36.8359483,10.1592804,CLT112480,LSAT
36.7594773,10.0174684,CLT112492,LSAT
36.8224351,10.1796373,CLT112615,LSAT
36.4540927,10.7339772,CLT112673,LSAT
33.7996169,10.8838049,CLT112687,LSAT
33.8861551,10.1029987,CLT112694,LSAT
33.3479142,10.4909705,CLT112695,LSAT
33.8753977,10.8595164,CLT112700,LSAT
37.2710148,9.869384,CLT112725,LSAT
36.7982433,10.1820027,CLT112741,LSAT
36.8393448,10.1143483,CLT112789,LSAT
34.7781133,10.7606167,CLT112804,LSAT
34.3159264,8.4005218,CLT112833,LSAT
35.6734601,10.1017514,CLT112858,LSAT
34.7380001,10.7564936,CLT112868,LSAT
36.6798968,10.2888328,CLT112894,LSAT
36.8593508,10.2010853,CLT112921,LSAT
35.5059064,11.0543319,CLT112934,LSAT
35.8449383,10.5910379,CLT112952,LSAT
36.8567764,10.2649646,CLT112977,LSAT
36.3725741,9.9022119,CLT112993,LSAT
36.846703,11.0960875,CLT113115,LSAT
34.7490074,10.7348465,CLT113178,LSAT
35.6275493,10.7616471,CLT113227,LSAT
35.1774748,9.2803097,CLT113235,LSAT
37.0493416,11.011849,CLT113238,LSAT
35.6837378,10.1035504,CLT113244,LSAT
36.8171596,10.1877238,CLT113269,LSAT
35.6944515,10.7898793,CLT113272,LSAT
36.4632067,10.7794909,CLT113275,LSAT
35.7699904,10.8205442,CLT113318,LSAT
33.8086621,10.9911528,CLT113326,LSAT
35.6378453,10.9700601,CLT113339,LSAT
36.4546375,10.7331666,CLT113375,LSAT
36.457252,10.730043,CLT113392,LSAT
36.802401,10.1122188,CLT113394,LSAT
36.788376,10.1117124,CLT113411,LSAT
35.7648914,10.8257877,CLT113431,LSAT
35.0372747,9.4901032,CLT113432,LSAT
34.735459,10.7556964,CLT113449,LSAT
36.8101445,10.1377766,CLT113473,LSAT
36.8650016,10.185362,CLT113493,LSAT
34.7419707,10.7561325,CLT113518,LSAT
36.8274877,10.1213893,CLT113519,LSAT
34.317091,8.4017249,CLT113533,LSAT
36.4989844,8.7782854,CLT113538,LSAT
36.4538341,10.732863,CLT113545,LSAT
36.8483702,11.0897951,CLT113562,LSAT
34.7317154,10.7675908,CLT113585,LSAT
